MouseNo,Condition,Sex,Week,SpecSlope,nmol.minmg,Complex
EQ4-C2,Pers,M,16,-0.004901406,158.109871,CI
EQ4-C2,Pers,M,16,-0.002493146,65.26560209,CII
EQ4-C2,Pers,M,16,6.40E-05,4.326576577,CIII
EQ4-C2,Pers,M,16,-0.001994298,215.5998198,CIV
EQ4-C2,Pers,M,16,0.034665775,2548.954069,CS
EQ4-C3,Pers,M,16,-0.002745655,88.5695,CI
EQ4-C3,Pers,M,16,-0.000623414,16.31973822,CII
EQ4-C3,Pers,M,16,6.43E-05,4.342342342,CIII
EQ4-C3,Pers,M,16,-0.001070953,115.7787027,CIV
EQ4-C3,Pers,M,16,0.03920932,2883.038235,CS
EQ4-D1,Ctl,M,16,-0.00630283,203.3170968,CI
EQ4-D1,Ctl,M,16,-0.005562874,145.6249738,CII
EQ4-D1,Ctl,M,16,8.61E-05,5.820045045,CIII
EQ4-D1,Ctl,M,16,-0.001406082,152.0088288,CIV
EQ4-D1,Ctl,M,16,0.036636109,2693.831569,CS
EQ4-D2,Ctl,M,16,-0.010909187,351.9092581,CI
EQ4-D2,Ctl,M,16,-0.004318194,113.0417277,CII
EQ4-D2,Ctl,M,16,6.60E-05,4.461711712,CIII
EQ4-D2,Ctl,M,16,-0.001768451,191.1838919,CIV
EQ4-D2,Ctl,M,16,0.038161447,2805.988725,CS
EQ4-D3,Ctl,M,16,-0.00928719,299.5867634,CI
EQ4-D3,Ctl,M,16,-0.003913521,102.4481806,CII
EQ4-D3,Ctl,M,16,7.62E-05,5.146396396,CIII
EQ4-D3,Ctl,M,16,-0.001602471,173.2400721,CIV
EQ4-D3,Ctl,M,16,0.032720907,2405.94902,CS
EQ4-D4,Ctl,M,16,-0.010130098,326.7773441,CI
EQ4-D4,Ctl,M,16,-0.003717787,97.32426702,CII
EQ4-D4,Ctl,M,16,6.57E-05,4.436936937,CIII
EQ4-D4,Ctl,M,16,-0.002006652,216.9353153,CIV
EQ4-D4,Ctl,M,16,0.032987013,2425.515662,CS
EQ4-F1,Ctl,M,8,-0.008731868,281.6731613,CI
EQ4-F1,Ctl,M,8,-0.006633235,173.644904,CII
EQ4-F1,Ctl,M,8,0.000111799,7.553986486,CIII
EQ4-F1,Ctl,M,8,-0.002573942,278.264,CIV
EQ4-F1,Ctl,M,8,0.039862138,2931.039559,CS
EQ4-F2,Ctl,M,8,-0.008611412,277.7874839,CI
EQ4-F2,Ctl,M,8,-0.00438618,114.821466,CII
EQ4-F2,Ctl,M,8,8.28E-05,5.597252252,CIII
EQ4-F2,Ctl,M,8,-0.001660714,179.5366486,CIV
EQ4-F2,Ctl,M,8,0.033703963,2478.232549,CS
EQ4-F3,Ctl,M,8,-0.007894952,254.675871,CI
EQ4-F3,Ctl,M,8,-0.004117988,107.8007243,CII
EQ4-F3,Ctl,M,8,8.46E-05,5.713963964,CIII
EQ4-F3,Ctl,M,8,-0.001442501,155.9460541,CIV
EQ4-F3,Ctl,M,8,0.039268398,2887.38223,CS
EQ4-G1,Rapa,M,16,-0.005765217,185.9747312,CI
EQ4-G1,Rapa,M,16,-0.005336798,139.7067539,CII
EQ4-G1,Rapa,M,16,6.93E-05,4.684684685,CIII
EQ4-G1,Rapa,M,16,-0.002424771,262.1373694,CIV
EQ4-G1,Rapa,M,16,0.033994143,2499.569338,CS
EQ4-G2,Rapa,M,16,-0.005612038,181.0334839,CI
EQ4-G2,Rapa,M,16,-0.004401596,115.2250262,CII
EQ4-G2,Rapa,M,16,6.32E-05,4.266891892,CIII
EQ4-G2,Rapa,M,16,-0.002143491,231.7287207,CIV
EQ4-G2,Rapa,M,16,0.037105933,2728.377426,CS
EQ4-G3,Rapa,M,16,-0.007092028,228.7750968,CI
EQ4-G3,Rapa,M,16,-0.004501693,117.8453578,CII
EQ4-G3,Rapa,M,16,6.12E-05,4.137387387,CIII
EQ4-G3,Rapa,M,16,-0.002660754,287.649027,CIV
EQ4-G3,Rapa,M,16,0.039758722,2923.435417,CS
EQ4-K1,Ctl,M,16,-0.009633114,310.7456022,CI
EQ4-K1,Ctl,M,16,-0.005259412,137.6809424,CII
EQ4-K1,Ctl,M,16,5.21E-05,3.522522523,CIII
EQ4-K1,Ctl,M,16,-0.003039436,328.5876757,CIV
EQ4-K1,Ctl,M,16,0.03560988,2618.373529,CS
EQ4-K2,Ctl,M,16,-0.01308354,422.0496882,CI
EQ4-K2,Ctl,M,16,-0.0043996,115.1727661,CII
EQ4-K2,Ctl,M,16,6.94E-05,4.686936937,CIII
EQ4-K2,Ctl,M,16,-0.002124327,229.656973,CIV
EQ4-K2,Ctl,M,16,0.037238986,2738.16076,CS
EQ4-L3,Pers,M,16,-0.003295616,106.3101935,CI
EQ4-L3,Pers,M,16,-0.002682796,70.23025305,CII
EQ4-L3,Pers,M,16,5.36E-05,3.621621622,CIII
EQ4-L3,Pers,M,16,-0.002937282,317.544,CIV
EQ4-L3,Pers,M,16,0.0357493,2628.624975,CS
EQ4-L4,Pers,M,16,-0.007820783,252.2833226,CI
EQ4-L4,Pers,M,16,-0.004173577,109.2559424,CII
EQ4-L4,Pers,M,16,4.49E-05,3.033783784,CIII
EQ4-L4,Pers,M,16,-0.0024726,267.3081441,CIV
EQ4-L4,Pers,M,16,0.037303921,2742.935392,CS
EQ4-M1,Ctl,M,8,-0.005250802,169.3807097,CI
EQ4-M1,Ctl,M,8,-0.004849454,126.9490489,CII
EQ4-M1,Ctl,M,8,7.69E-05,5.196959459,CIII
EQ4-M1,Ctl,M,8,-0.002158567,233.3585946,CIV
EQ4-M1,Ctl,M,8,0.038929737,2862.480662,CS
EQ4-M2,Ctl,M,8,-0.010078692,325.1190806,CI
EQ4-M2,Ctl,M,8,-0.003937141,103.0665271,CII
EQ4-M2,Ctl,M,8,6.75E-05,4.558558559,CIII
EQ4-M2,Ctl,M,8,-0.001240155,134.0708108,CIV
EQ4-M2,Ctl,M,8,0.036475858,2682.048358,CS
EQ4-M3,Ctl,M,8,-0.00770754,248.6303118,CI
EQ4-M3,Ctl,M,8,-0.004856683,127.1382984,CII
EQ4-M3,Ctl,M,8,7.64E-05,5.162162162,CIII
EQ4-M3,Ctl,M,8,-0.003007855,325.1735135,CIV
EQ4-M3,Ctl,M,8,0.035727273,2627.005343,CS
EQ4-N1,Ctl,M,16,-0.011811397,381.0128172,CI
EQ4-N1,Ctl,M,16,-0.003326278,87.07534031,CII
EQ4-N1,Ctl,M,16,6.83E-05,4.612612613,CIII
EQ4-N1,Ctl,M,16,-0.001925562,208.1689009,CIV
EQ4-N1,Ctl,M,16,0.035560861,2614.769167,CS
EQ4-N2,Ctl,M,16,-0.015443578,498.1799462,CI
EQ4-N2,Ctl,M,16,-0.004075563,106.6901309,CII
EQ4-N2,Ctl,M,16,4.76E-05,3.212837838,CIII
EQ4-N2,Ctl,M,16,-0.002488755,269.0546306,CIV
EQ4-N2,Ctl,M,16,0.03693532,2715.832328,CS
EQ4-O1,Rapa,M,8,-0.008635353,278.5597742,CI
EQ4-O1,Rapa,M,8,-0.005881964,153.9781239,CII
EQ4-O1,Rapa,M,8,8.99E-05,6.076576577,CIII
EQ4-O1,Rapa,M,8,-0.001228844,132.848,CIV
EQ4-O1,Rapa,M,8,0.038090576,2800.777672,CS
EQ4-O2,Rapa,M,8,-0.010330458,333.2405645,CI
EQ4-O2,Rapa,M,8,-0.008080864,211.5409511,CII
EQ4-O2,Rapa,M,8,7.78E-05,5.254504505,CIII
EQ4-O2,Rapa,M,8,-0.002528697,273.3726486,CIV
EQ4-O2,Rapa,M,8,0.039662671,2916.372843,CS
EQ4-O3,Rapa,M,8,-0.005910748,190.6693011,CI
EQ4-O3,Rapa,M,8,-0.004331156,113.381034,CII
EQ4-O3,Rapa,M,8,5.15E-05,3.481981982,CIII
EQ4-O3,Rapa,M,8,-0.002360285,255.1659459,CIV
EQ4-O3,Rapa,M,8,0.029884782,2197.410441,CS
EQ4-Q3,Rapa,M,8,-0.005491297,177.1386129,CI
EQ4-Q3,Rapa,M,8,-0.003907143,102.2812304,CII
EQ4-Q3,Rapa,M,8,5.94E-05,4.011261261,CIII
EQ4-Q3,Rapa,M,8,-0.00108274,117.052973,CIV
EQ4-Q3,Rapa,M,8,0.039337329,2892.450686,CS
EQ4-Q4,Rapa,M,8,-0.005798084,187.0349785,CI
EQ4-Q4,Rapa,M,8,-0.003275302,85.74088133,CII
EQ4-Q4,Rapa,M,8,5.82E-05,3.929054054,CIII
EQ4-Q4,Rapa,M,8,-0.000361646,39.09686486,CIV
EQ4-Q4,Rapa,M,8,0.033004662,2426.813358,CS
EQ4-S1,Pers,M,16,-0.00922294,297.5141935,CI
EQ4-S1,Pers,M,16,-0.006148496,160.9553839,CII
EQ4-S1,Pers,M,16,5.40E-05,3.648648649,CIII
EQ4-S1,Pers,M,16,-0.001680552,181.6812432,CIV
EQ4-S1,Pers,M,16,0.040773491,2998.050809,CS
EQ4-S2,Pers,M,16,-0.003667339,118.3012581,CI
EQ4-S2,Pers,M,16,-0.003189356,83.49100349,CII
EQ4-S2,Pers,M,16,5.04E-05,3.402027027,CIII
EQ4-S2,Pers,M,16,-0.00175388,189.6086486,CIV
EQ4-S2,Pers,M,16,0.032818309,2413.110956,CS
EQ4-S3,Pers,M,16,-0.012127546,391.2111613,CI
EQ4-S3,Pers,M,16,-0.007059923,184.8147382,CII
EQ4-S3,Pers,M,16,7.34E-05,4.959459459,CIII
EQ4-S3,Pers,M,16,-0.002037377,220.256973,CIV
EQ4-S3,Pers,M,16,0.039716705,2920.345931,CS
EQ4-T3,Pers,M,16,-0.008963358,289.1405914,CI
EQ4-T3,Pers,M,16,-0.003690994,96.62287086,CII
EQ4-T3,Pers,M,16,7.24E-05,4.891891892,CIII
EQ4-T3,Pers,M,16,-0.002497941,270.0476757,CIV
EQ4-T3,Pers,M,16,0.037153043,2731.841397,CS
EQ4-U2,Rapa,M,16,-0.009383208,302.6841183,CI
EQ4-U2,Rapa,M,16,-0.008816213,230.7909075,CII
EQ4-U2,Rapa,M,16,7.39E-05,4.995495495,CIII
EQ4-U2,Rapa,M,16,-0.002991131,323.3655135,CIV
EQ4-U2,Rapa,M,16,0.037401961,2750.144167,CS
EQ4-U3,Rapa,M,16,-0.010343207,333.651828,CI
EQ4-U3,Rapa,M,16,-0.008521983,223.0885602,CII
EQ4-U3,Rapa,M,16,0.000105939,7.158018018,CIII
EQ4-U3,Rapa,M,16,-0.002042129,220.7706667,CIV
EQ4-U3,Rapa,M,16,0.040926279,3009.285245,CS
EQ4-U4,Rapa,M,16,-0.01205055,388.7274086,CI
EQ4-U4,Rapa,M,16,-0.007160701,187.452897,CII
EQ4-U4,Rapa,M,16,7.61E-05,5.141891892,CIII
EQ4-U4,Rapa,M,16,-0.002407665,260.2881441,CIV
EQ4-U4,Rapa,M,16,0.039845302,2929.801593,CS
EQ5-A1,Ctl,F,16,-0.012730948,410.6757312,CI
EQ5-A1,Ctl,F,16,-0.00330676,86.56439791,CII
EQ5-A1,Ctl,F,16,0.000105755,7.145608108,CIII
EQ5-A1,Ctl,F,16,-0.004297131,464.5546667,CIV
EQ5-A1,Ctl,F,16,0.045148841,3319.767745,CS
EQ5-B1,Rapa,F,16,-0.016649539,537.0818925,CI
EQ5-B1,Rapa,F,16,-0.003262299,85.40049738,CII
EQ5-B1,Rapa,F,16,9.75E-05,6.587657658,CIII
EQ5-B1,Rapa,F,16,0.057370296,4218.404142,CS
EQ5-B3,Rapa,F,16,-0.011403538,367.8560538,CI
EQ5-B3,Rapa,F,16,-0.002344652,61.37832461,CII
EQ5-B3,Rapa,F,16,6.96E-05,4.704954955,CIII
EQ5-B3,Rapa,F,16,-0.001239527,134.0029189,CIV
EQ5-B3,Rapa,F,16,0.031841159,2341.261667,CS
EQ5-C1,Pers,F,16,-0.012055067,388.8731183,CI
EQ5-C1,Pers,F,16,-0.005252331,137.4955759,CII
EQ5-C1,Pers,F,16,8.66E-05,5.849099099,CIII
EQ5-C1,Pers,F,16,-0.002106724,227.7539459,CIV
EQ5-C1,Pers,F,16,0.050059715,3680.861373,CS
EQ5-C2,Pers,F,16,-0.010475525,337.9201505,CI
EQ5-C2,Pers,F,16,-0.004700203,123.0419634,CII
EQ5-C2,Pers,F,16,7.26E-05,4.905405405,CIII
EQ5-C2,Pers,F,16,-0.003062841,331.1178919,CIV
EQ5-C2,Pers,F,16,0.036395722,2676.156054,CS
EQ5-C3,Pers,F,16,-0.010121431,326.4977849,CI
EQ5-C3,Pers,F,16,-0.004342306,113.6729319,CII
EQ5-C3,Pers,F,16,0.00010014,6.766216216,CIII
EQ5-C3,Pers,F,16,-0.003124267,337.7585946,CIV
EQ5-C3,Pers,F,16,0.045524956,3347.423211,CS
EQ5-D1,Ctl,F,8,-0.009893013,319.1294516,CI
EQ5-D1,Ctl,F,8,-0.001396404,36.55506981,CII
EQ5-D1,Ctl,F,8,5.74E-05,3.878378378,CIII
EQ5-D1,Ctl,F,8,-0.003583159,387.3685045,CIV
EQ5-D1,Ctl,F,8,0.030521811,2244.250833,CS
EQ5-D2,Ctl,F,8,-0.00607362,195.9232366,CI
EQ5-D2,Ctl,F,8,-0.001868859,48.92301047,CII
EQ5-D2,Ctl,F,8,6.56E-05,4.434684685,CIII
EQ5-D2,Ctl,F,8,-0.002852325,308.3594595,CIV
EQ5-D2,Ctl,F,8,0.037214119,2736.332279,CS
EQ5-D3,Ctl,F,8,-0.009392231,302.9752043,CI
EQ5-D3,Ctl,F,8,-0.001206678,31.58841623,CII
EQ5-D3,Ctl,F,8,6.20E-05,4.189189189,CIII
EQ5-D3,Ctl,F,8,-0.002977482,321.889982,CIV
EQ5-D3,Ctl,F,8,0.034082917,2506.096838,CS
EQ5-D4,Ctl,F,8,-0.005118482,165.1123118,CI
EQ5-D4,Ctl,F,8,-0.002755723,72.13935428,CII
EQ5-D4,Ctl,F,8,7.07E-05,4.777027027,CIII
EQ5-D4,Ctl,F,8,-0.002539066,274.4935676,CIV
EQ5-D4,Ctl,F,8,0.051438894,3782.271642,CS
EQ5-E2,Rapa,F,8,-0.01246048,401.9509785,CI
EQ5-E2,Rapa,F,8,-0.002538993,66.46579407,CII
EQ5-E2,Rapa,F,8,6.83E-05,4.614864865,CIII
EQ5-E2,Rapa,F,8,-0.004143381,447.9330811,CIV
EQ5-E2,Rapa,F,8,0.036399267,2676.416716,CS
EQ5-E3,Rapa,F,8,-0.011345561,365.985828,CI
EQ5-E3,Rapa,F,8,-0.002852112,74.6626178,CII
EQ5-E3,Rapa,F,8,6.65E-05,4.490990991,CIII
EQ5-E3,Rapa,F,8,-0.003456378,373.6624865,CIV
EQ5-E3,Rapa,F,8,0.041871462,3078.783946,CS
EQ5-F1,Ctl,F,8,-0.004993183,161.0704194,CI
EQ5-F1,Ctl,F,8,-0.000190085,4.97604712,CII
EQ5-F1,Ctl,F,8,4.06E-05,2.740990991,CIII
EQ5-F1,Ctl,F,8,-0.002885107,311.9034234,CIV
EQ5-F1,Ctl,F,8,0.023191808,1705.280025,CS
EQ5-F2,Ctl,F,8,-0.0098352,317.2645161,CI
EQ5-F2,Ctl,F,8,-0.000602978,15.7847644,CII
EQ5-F2,Ctl,F,8,5.57E-05,3.763513514,CIII
EQ5-F2,Ctl,F,8,-0.001985599,214.6593514,CIV
EQ5-F2,Ctl,F,8,0.031517483,2317.461961,CS
EQ5-F3,Ctl,F,8,-0.007977105,257.3259677,CI
EQ5-F3,Ctl,F,8,-0.001072029,28.06358639,CII
EQ5-F3,Ctl,F,8,6.58E-05,4.445945946,CIII
EQ5-F3,Ctl,F,8,-0.002784039,300.9771532,CIV
EQ5-F3,Ctl,F,8,0.029014985,2133.454779,CS
EQ5-G2,Ctl,F,16,-0.011320738,365.1851075,CI
EQ5-G2,Ctl,F,16,-0.001108372,29.01497382,CII
EQ5-G2,Ctl,F,16,7.78E-05,5.253378378,CIII
EQ5-G2,Ctl,F,16,-0.001343527,145.2461622,CIV
EQ5-G2,Ctl,F,16,0.042271062,3108.166324,CS
EQ5-G3,Ctl,F,16,-0.01926376,621.4116129,CI
EQ5-G3,Ctl,F,16,-0.005102422,133.5712565,CII
EQ5-G3,Ctl,F,16,0.000112116,7.575405405,CIII
EQ5-G3,Ctl,F,16,-0.003047916,329.5044324,CIV
EQ5-G3,Ctl,F,16,0.031759358,2335.246936,CS
EQ5-H1,Rapa,F,16,-0.012927696,417.0224409,CI
EQ5-H1,Rapa,F,16,-0.001119714,29.31188482,CII
EQ5-H1,Rapa,F,16,6.83E-05,4.612612613,CIII
EQ5-H1,Rapa,F,16,-0.003347193,361.8587027,CIV
EQ5-H1,Rapa,F,16,0.046039294,3385.242206,CS
EQ5-I1,Pers,F,16,-0.008015632,258.5687634,CI
EQ5-I1,Pers,F,16,-0.002488082,65.13303665,CII
EQ5-I1,Pers,F,16,5.27E-05,3.558558559,CIII
EQ5-I1,Pers,F,16,-0.002321324,250.9538919,CIV
EQ5-I1,Pers,F,16,0.030702317,2257.523333,CS
EQ5-I2,Pers,F,16,-0.006873674,221.7314032,CI
EQ5-I2,Pers,F,16,-0.002479676,64.91298429,CII
EQ5-I2,Pers,F,16,5.51E-05,3.720720721,CIII
EQ5-I2,Pers,F,16,-0.003099602,335.0921081,CIV
EQ5-I2,Pers,F,16,0.027431373,2017.012696,CS
EQ5-I3,Pers,F,16,-0.003937886,127.0285699,CI
EQ5-I3,Pers,F,16,-0.001836696,48.08104712,CII
EQ5-I3,Pers,F,16,6.12E-05,4.135135135,CIII
EQ5-I3,Pers,F,16,-0.0025907,280.0756396,CIV
EQ5-I3,Pers,F,16,0.021887701,1609.389743,CS
EQ5-J1,Rapa,F,8,-0.008811682,284.2478172,CI
EQ5-J1,Rapa,F,8,-0.001515285,39.66715532,CII
EQ5-J1,Rapa,F,8,7.43E-05,5.02027027,CIII
EQ5-J1,Rapa,F,8,-0.002344732,253.4845405,CIV
EQ5-J1,Rapa,F,8,0.039452547,2900.922598,CS
EQ5-J2,Rapa,F,8,-0.011277581,363.7929355,CI
EQ5-J2,Rapa,F,8,-0.001652444,43.25769634,CII
EQ5-J2,Rapa,F,8,9.25E-05,6.249346847,CIII
EQ5-J2,Rapa,F,8,-0.003126938,338.0473153,CIV
EQ5-J2,Rapa,F,8,0.033304813,2448.883309,CS
EQ5-J2,Rapa,F,8,0.029348984,2158.013554,CS
EQ5-J3,Rapa,F,8,-0.014623611,471.7293978,CI
EQ5-J3,Rapa,F,8,-0.003347149,87.62170157,CII
EQ5-J3,Rapa,F,8,8.93E-05,6.036036036,CIII
EQ5-J3,Rapa,F,8,-0.00327367,353.9102703,CIV
EQ5-J3,Rapa,F,8,0.040820855,3001.53348,CS
EQ5-J3,Rapa,F,8,0.036995005,2720.220956,CS
EQ5-J4,Rapa,F,8,-0.008146183,262.7801075,CI
EQ5-J4,Rapa,F,8,-0.001714318,44.87742147,CII
EQ5-J4,Rapa,F,8,6.31E-05,4.263513514,CIII
EQ5-J4,Rapa,F,8,0.029322678,2156.079228,CS
EQ5-K3,Ctl,F,16,-0.012866009,415.0325376,CI
EQ5-K3,Ctl,F,16,-0.004761608,124.6494241,CII
EQ5-K3,Ctl,F,16,8.58E-05,5.795405405,CIII
EQ5-K3,Ctl,F,16,-0.002576142,278.5018378,CIV
EQ5-K3,Ctl,F,16,0.042729055,3141.842304,CS
EQ5-K4,Ctl,F,16,-0.007683199,247.8451398,CI
EQ5-K4,Ctl,F,16,-0.001045313,27.36421466,CII
EQ5-K4,Ctl,F,16,8.08E-05,5.459459459,CIII
EQ5-K4,Ctl,F,16,-0.003228425,349.0189189,CIV
EQ5-K4,Ctl,F,16,0.029116883,2140.947304,CS
EQ5-L1,Ctl,F,16,-0.013033292,420.4287849,CI
EQ5-L1,Ctl,F,16,-0.003688935,96.56897906,CII
EQ5-L1,Ctl,F,16,8.60E-05,5.811801802,CIII
EQ5-L1,Ctl,F,16,-0.002905321,314.0887207,CIV
EQ5-L1,Ctl,F,16,0.041848485,3077.094485,CS
EQ5-L2,Ctl,F,16,-0.011315672,365.0216882,CI
EQ5-L2,Ctl,F,16,-0.002187811,57.27253927,CII
EQ5-L2,Ctl,F,16,7.48E-05,5.055810811,CIII
EQ5-L2,Ctl,F,16,-0.003003928,324.7489189,CIV
EQ5-L2,Ctl,F,16,0.027926025,2053.384191,CS
EQ5-L3,Ctl,F,16,-0.014928713,481.571371,CI
EQ5-L3,Ctl,F,16,-0.001775135,46.46950262,CII
EQ5-L3,Ctl,F,16,0.000102783,6.944797297,CIII
EQ5-L3,Ctl,F,16,-0.003455907,373.6115676,CIV
EQ5-L3,Ctl,F,16,0.035744207,2628.25049,CS
EQ5-M1,Rapa,F,16,-0.008967146,289.2627849,CI
EQ5-M1,Rapa,F,16,-0.003203615,83.86426702,CII
EQ5-M1,Rapa,F,16,6.57E-05,4.439189189,CIII
EQ5-M1,Rapa,F,16,-0.003626833,392.090018,CIV
EQ5-M1,Rapa,F,16,0.024176471,1777.681667,CS
EQ5-M2,Rapa,F,16,-0.00850761,274.4390323,CI
EQ5-M2,Rapa,F,16,-0.005560681,145.5675654,CII
EQ5-M2,Rapa,F,16,8.88E-05,6.002252252,CIII
EQ5-M2,Rapa,F,16,-0.003835986,414.7012252,CIV
EQ5-M2,Rapa,F,16,0.041532086,3053.829828,CS
EQ5-N1,Pers,F,16,-0.010322227,332.9750538,CI
EQ5-N1,Pers,F,16,-0.002042571,53.47044503,CII
EQ5-N1,Pers,F,16,7.17E-05,4.842342342,CIII
EQ5-N1,Pers,F,16,-0.002772099,299.6863784,CIV
EQ5-N1,Pers,F,16,0.029815508,2192.316765,CS
EQ5-N4,Pers,F,16,-0.013520743,436.1529892,CI
EQ5-N4,Pers,F,16,-0.002231657,58.42033159,CII
EQ5-N4,Pers,F,16,6.55E-05,4.423423423,CIII
EQ5-N4,Pers,F,16,-0.001799493,194.5397838,CIV
EQ5-N4,Pers,F,16,0.02789343,2050.987525,CS
EQ5-O2,Rapa,F,16,-0.00392606,102.7764398,CII
EQ5-O2,Rapa,F,16,6.80E-05,4.592342342,CIII
EQ5-O2,Rapa,F,16,-0.002098712,226.8877838,CIV
EQ5-O2,Rapa,F,16,0.034932264,2568.548824,CS
EQ5-O3,Rapa,F,16,-0.009032278,291.3637957,CI
EQ5-O3,Rapa,F,16,-0.002989197,78.25123037,CII
EQ5-O3,Rapa,F,16,6.12E-05,4.131756757,CIII
EQ5-O3,Rapa,F,16,-0.002777021,300.2185225,CIV
EQ5-O3,Rapa,F,16,0.028907309,2125.537402,CS
EQ5-O4,Rapa,F,16,-0.01083129,349.3964516,CI
EQ5-O4,Rapa,F,16,-0.004025325,105.375,CII
EQ5-O4,Rapa,F,16,7.78E-05,5.256081081,CIII
EQ5-O4,Rapa,F,16,-0.002804409,303.1793514,CIV
EQ5-O4,Rapa,F,16,0.041675579,3064.380833,CS
EQ5-P2,Rapa,F,16,-0.008660688,279.3770323,CI
EQ5-P2,Rapa,F,16,-0.005411435,141.6606021,CII
EQ5-P2,Rapa,F,16,6.44E-05,4.351351351,CIII
EQ5-P2,Rapa,F,16,-0.002042313,220.7905946,CIV
EQ5-P2,Rapa,F,16,0.033752228,2481.781495,CS
EQ5-Q1,Ctl,F,16,-0.004942457,159.4341075,CI
EQ5-Q1,Ctl,F,16,-0.000297833,7.796675393,CII
EQ5-Q1,Ctl,F,16,6.88E-05,4.651554054,CIII
EQ5-Q1,Ctl,F,16,-0.001203708,130.1305405,CIV
EQ5-Q1,Ctl,F,16,0.012930403,950.764902,CS
EQ5-Q4,Ctl,F,16,-0.008892911,286.8680968,CI
EQ5-Q4,Ctl,F,16,-0.003937213,103.0684031,CII
EQ5-Q4,Ctl,F,16,9.29E-05,6.277094595,CIII
EQ5-Q4,Ctl,F,16,-0.00220664,238.5556757,CIV
EQ5-Q4,Ctl,F,16,0.029824421,2192.972132,CS
EQ5-R3,Pers,F,16,-0.01504953,485.4687097,CI
EQ5-R3,Pers,F,16,-0.002669746,69.88862565,CII
EQ5-R3,Pers,F,16,6.91E-05,4.671171171,CIII
EQ5-R3,Pers,F,16,-0.00188771,204.0767568,CIV
EQ5-R3,Pers,F,16,0.03275783,2408.663995,CS
EQ5-R4,Pers,F,16,-0.011839666,381.9247097,CI
EQ5-R4,Pers,F,16,-0.001562627,40.90645724,CII
EQ5-R4,Pers,F,16,6.07E-05,4.099099099,CIII
EQ5-R4,Pers,F,16,0.036028638,2649.164559,CS
EQ5-S1,Pers,F,16,-0.006335641,204.3755054,CI
EQ5-S1,Pers,F,16,-0.00181445,47.4986911,CII
EQ5-S1,Pers,F,16,5.99E-05,4.045045045,CIII
EQ5-S1,Pers,F,16,-0.00234866,253.9091351,CIV
EQ5-S1,Pers,F,16,0.031095571,2286.439069,CS
EQ5-S2,Pers,F,16,-0.013638366,439.9472796,CI
EQ5-S2,Pers,F,16,-0.003584062,93.82361257,CII
EQ5-S2,Pers,F,16,6.32E-05,4.27027027,CIII
EQ5-S2,Pers,F,16,-0.0023562,254.7243243,CIV
EQ5-S2,Pers,F,16,0.030852941,2268.598603,CS
EQ5-T1,Rapa,F,16,-0.008723941,281.4174355,CI
EQ5-T1,Rapa,F,16,-0.003864152,101.1558115,CII
EQ5-T1,Rapa,F,16,6.32E-05,4.27027027,CIII
EQ5-T1,Rapa,F,16,-0.004004504,432.9193514,CIV
EQ5-T1,Rapa,F,16,0.03180615,2338.6875,CS
EQ5-T2,Rapa,F,16,-0.011848567,382.2118387,CI
EQ5-T2,Rapa,F,16,-0.004518462,118.2843455,CII
EQ5-T2,Rapa,F,16,8.42E-05,5.689189189,CIII
EQ5-T2,Rapa,F,16,-0.003595256,388.6762703,CIV
EQ5-T2,Rapa,F,16,0.031217469,2295.402108,CS
EQ6-F10,Young,F,Y,-0.011372713,366.8617204,CI
EQ6-F10,Young,F,Y,-0.002628622,68.81209424,CII
EQ6-F10,Young,F,Y,8.95E-05,6.04740991,CIII
EQ6-F10,Young,F,Y,-0.003704022,400.4347748,CIV
EQ6-F10,Young,F,Y,0.036549019,2687.427892,CS
EQ6-F2,Young,F,Y,-0.015700083,506.4542742,CI
EQ6-F2,Young,F,Y,-0.003896471,102.0018586,CII
EQ6-F2,Young,F,Y,8.10E-05,5.475225225,CIII
EQ6-F2,Young,F,Y,-0.002306714,249.3744324,CIV
EQ6-F2,Young,F,Y,0.042358289,3114.580049,CS
EQ6-F3,Young,F,Y,-0.003944393,103.2563613,CII
EQ6-F3,Young,F,Y,6.71E-05,4.531531532,CIII
EQ6-F3,Young,F,Y,-0.001981358,214.2008108,CIV
EQ6-F3,Young,F,Y,0.043487968,3197.644706,CS
EQ6-F5,Young,F,Y,-0.008822872,284.6087581,CI
EQ6-F5,Young,F,Y,-0.002091541,54.7523822,CII
EQ6-F5,Young,F,Y,5.16E-05,3.484234234,CIII
EQ6-F5,Young,F,Y,-0.002188888,236.6364865,CIV
EQ6-F5,Young,F,Y,0.035690731,2624.318456,CS
EQ6-F6,Young,F,Y,-0.010176471,328.2732419,CI
EQ6-F6,Young,F,Y,-0.005657966,148.1142932,CII
EQ6-F6,Young,F,Y,8.01E-05,5.40990991,CIII
EQ6-F6,Young,F,Y,0.043032085,3164.123922,CS
EQ6-F7,Young,F,Y,-0.005746387,185.3673226,CI
EQ6-F7,Young,F,Y,-0.003176859,83.16384817,CII
EQ6-F7,Young,F,Y,6.18E-05,4.173423423,CIII
EQ6-F7,Young,F,Y,-0.002154483,232.917045,CIV
EQ6-F7,Young,F,Y,0.034800356,2558.84973,CS
EQ6-F9,Young,F,Y,-0.011098368,358.011871,CI
EQ6-F9,Young,F,Y,-0.003725464,97.5252356,CII
EQ6-F9,Young,F,Y,6.42E-05,4.337837838,CIII
EQ6-F9,Young,F,Y,-0.001691035,182.8145946,CIV
EQ6-F9,Young,F,Y,0.037893048,2786.253554,CS
EQ6-M2,Young,M,Y,-0.007128925,229.9653118,CI
EQ6-M2,Young,M,Y,-0.001946464,50.95455497,CII
EQ6-M2,Young,M,Y,5.96E-05,4.023648649,CIII
EQ6-M2,Young,M,Y,-0.002463415,266.3150991,CIV
EQ6-M2,Young,M,Y,0.036863382,2710.54277,CS
EQ6-M3,Young,M,Y,-0.00228965,73.85966667,CI
EQ6-M3,Young,M,Y,-0.002511127,65.73631763,CII
EQ6-M3,Young,M,Y,6.18E-05,4.177927928,CIII
EQ6-M3,Young,M,Y,-0.002529934,273.5063423,CIV
EQ6-M3,Young,M,Y,0.042834225,3149.575343,CS
EQ6-M4,Young,M,Y,-0.004172495,134.5966022,CI
EQ6-M4,Young,M,Y,-0.002047735,53.605637,CII
EQ6-M4,Young,M,Y,5.36E-05,3.621621622,CIII
EQ6-M4,Young,M,Y,-0.002379949,257.2917838,CIV
EQ6-M4,Young,M,Y,0.040974663,3012.842843,CS
EQ6-M5,Young,M,Y,-0.007372344,237.8175484,CI
EQ6-M5,Young,M,Y,-0.004816023,126.0739092,CII
EQ6-M5,Young,M,Y,6.91E-05,4.668918919,CIII
EQ6-M5,Young,M,Y,-0.002238835,242.0361622,CIV
EQ6-M5,Young,M,Y,0.040211357,2956.717451,CS
EQ6-M6,Young,M,Y,-0.005170554,166.7920645,CI
EQ6-M6,Young,M,Y,-0.002788173,72.98881326,CII
EQ6-M6,Young,M,Y,6.16E-05,4.162162162,CIII
EQ6-M6,Young,M,Y,-0.001702883,184.0954054,CIV
EQ6-M6,Young,M,Y,0.041586453,3057.827426,CS
EQ6-M7,Young,M,Y,-0.003436685,110.8608065,CI
EQ6-M7,Young,M,Y,-0.002875921,75.28589878,CII
EQ6-M7,Young,M,Y,5.01E-05,3.387387387,CIII
EQ6-M7,Young,M,Y,-0.002571429,277.9923243,CIV
EQ6-M7,Young,M,Y,0.037333843,2745.13549,CS
EQ6-M8,Young,M,Y,-0.006203149,200.1015699,CI
EQ6-M8,Young,M,Y,-0.002665624,69.78073298,CII
EQ6-M8,Young,M,Y,5.34E-05,3.608108108,CIII
EQ6-M8,Young,M,Y,-0.002023124,218.7160541,CIV
EQ6-M8,Young,M,Y,0.040520117,2979.420392,CS
EQ6-M9,Young,M,Y,-0.010565934,340.8365699,CI
EQ6-M9,Young,M,Y,-0.00184722,48.35655323,CII
EQ6-M9,Young,M,Y,6.38E-05,4.308558559,CIII
EQ6-M9,Young,M,Y,-0.001923345,207.9291892,CIV
EQ6-M9,Young,M,Y,0.039417495,2898.345184,CS
